'dataset', 'ADVE', 'Email', 'Form', 'Letter', 'Memo', 'News', 'Note', 'Report', 'Resume', 'Scientific'
'full', 0.06605399195864, 0.17202757036, 0.1237794371051, 0.1628374497415, 0.1780585870189, 0.0539919586444, 0.057725445146, 0.0761056863871, 0.0344629523262, 0.074956921309
'train', 0.08, 0.1775, 0.1225, 0.17125, 0.1625, 0.04625, 0.0675, 0.08, 0.03125, 0.06125